Title,Author,Format-Year
,Camila Vega Rivera,
,"Iris Acevedo A.; Spanishonline, Costarica",
,"Miller, Jackson",
,Science-Based Language Learning Lab,
,Science-Based Language Learning Lab,
,"Bennett, Olivia",
,"Ramirez, Andres",
,"World, Spain",
,"Navarijo, Susie G.",
,Learn Like a Native,
,Learn Like a Native,
,Language Equipped Travelers,
,"Michaels, Steven J.",
,"Gardner, James M.",
,"Gardner, James M.",
,"Professor, Baby",
,"Carmen García del Río; Fitzsimons, Ronan",
,Various Authors,
,"Dictionaries, Collins",
,"Romey, Jared",
